Nombre Producto,Precio - Cantidad,Fecha,Url Tienda,Nombre Tienda
"Correa de nailon para Huawei Watch GT3 GT 3 GT2 2 Pro 42mm 46mm, pulsera de reloj inteligente Honor Magic 1 2, 20mm 22mm",CLP2.042x1,"Pedido efectuado el: 11 oct, 2023",https://www.aliexpress.com/store/1102786659?spm=a2g0o.order_list.order_list_main.2.21ef194do14gTv,Shop1102786659 Store
"Cargador USB de carga rápida, Cable tipo C QC3.0 de 120W, para iPhone, Huawei, Samsung y Xiaomi",CLP3.838x1,"Pedido efectuado el: 11 oct, 2023",https://www.aliexpress.com/store/1102911906?spm=a2g0o.order_list.order_list_main.8.21ef194do14gTv,Shop1102911906 Store
"Corbatas clásicas de algodón para hombre, corbatas ajustadas a cuadros grises hechas a mano, cuello estrecho a rayas, corbata informal de Cachemira delgada, accesorios de regalo, 6cm",CLP2.647x1,"Pedido efectuado el: 19 feb, 2023",https://www.aliexpress.com/store/5053183?spm=a2g0o.order_list.order_list_main.14.21ef194do14gTv,TIEJMW Store
"Corbata de Cachemira a rayas Jacquard para hombre, corbata estrecha de poliéster, traje de esmoquin Delgado, camisa de regalo, 61 colores, 6cm",CLP2.499x1,"Pedido efectuado el: 19 feb, 2023",https://www.aliexpress.com/store/4073015?spm=a2g0o.order_list.order_list_main.19.21ef194do14gTv,Viola Store
Lazos de moda para Hombres de Algodón Lazo Estrecho Flaco Corbata Corbatas para el Invierno Men Party Corbata delgada Ocasional Impreso Corbatas corbatas,CLP2.169x1,"Pedido efectuado el: 19 feb, 2023",https://www.aliexpress.com/store/1088404?spm=a2g0o.order_list.order_list_main.24.21ef194do14gTv,Gemay G.M Official Store
"Funda protectora de cartas TCG para Mtg, Protector de cubierta de Pokemon Yugioh, Tarot, 66x91mm, 100 piezas",CLP4.196x1,"Pedido efectuado el: 8 feb, 2023",https://www.aliexpress.com/store/4780018?spm=a2g0o.order_list.order_list_main.29.21ef194do14gTv,AEGIS GUARDIAN Store
"Correa de Metal para Reloj Inteligente, Pulsera para Garmin Vivoactive 3, 4, 4s, Venu 2, 2s, SQ Forerunner 645, Bucle Milanés, 18 mm, 20 mm, 22mm",CLP4.167x1,"Pedido efectuado el: 28 nov, 2022",https://www.aliexpress.com/store/911788237?spm=a2g0o.order_list.order_list_main.34.21ef194do14gTv,JLGroppod Watchband Store
"Correa para Samsung Galaxy watch 4, classic, 46mm, Active 2, Gear S3, 5/5 pro, 44mm, 40mm, nailon elástico, Huawei GT 2/3 Pro band, 20mm, 22mm",CLP1.633x1,"Pedido efectuado el: 28 nov, 2022",https://www.aliexpress.com/store/3246044?spm=a2g0o.order_list.order_list_main.39.21ef194do14gTv,EIMO Official Store
"Corbata de lino de dibujos animados para boda, corbatas casuales delgadas para fiesta, Trajes clásicos, corbatas de cuello con estampado Floral de animales, regalo de corbata, nuevo",CLP3.412x1,"Pedido efectuado el: 29 oct, 2022",https://www.aliexpress.com/store/912538597?spm=a2g0o.order_list.order_list_main.44.21ef194do14gTv,MoTie Store
,,"Pedido efectuado el: 29 oct, 2022",https://www.aliexpress.com/store/2949171?spm=a2g0o.order_list.order_list_main.49.21ef194do14gTv,VanGise Store
"Funda de silicona suave para auriculares inalámbricos, funda protectora con gancho para Sony WF-C500, con dibujos de Marvel",CLP2.063x1,"Pedido efectuado el: 29 oct, 2022",https://www.aliexpress.com/store/912022023?spm=a2g0o.order_list.order_list_main.54.21ef194do14gTv,Disney Earphone Cover Store
"Gafas de sol cuadradas con espejo para hombre, lentes polarizadas deportivas para conducir, para fiesta, bloque Ken UV400 SPY +",CLP12.382x1,"Pedido efectuado el: 29 oct, 2022",https://www.aliexpress.com/store/1102203066?spm=a2g0o.order_list.order_list_main.59.21ef194do14gTv,Shop1102203066 Store
"Funda de TPU para Huawei watch GT 2e GT3 Pro de 46mm 43mm funda protectora de pantalla suave, envolvente, GT3 de 46mm/GT2e/GT2 Pro",CLP2.354x1,"Pedido efectuado el: 23 sep, 2022",https://www.aliexpress.com/store/2173042?spm=a2g0o.order_list.order_list_main.64.21ef194do14gTv,ADORARE Wristwatch Store
"Funda de cristal para Nintendo Switch, carcasa rígida para PC, Compatible con mando Joy-con, cubierta transparente",CLP3.049x1,"Pedido efectuado el: 5 sep, 2022",https://www.aliexpress.com/store/4660062?spm=a2g0o.order_list.order_list_main.69.21ef194do14gTv,Antony 3C Store
"Correa de reloj para Huawei GT 2 GT2 Pro, correa de cuero genuino de 22mm, repuesto de correa de reloj Honor Magic 1 2 46mm",CLP3.695x1,"Pedido efectuado el: 5 sep, 2022",https://www.aliexpress.com/store/5124195?spm=a2g0o.order_list.order_list_main.74.21ef194do14gTv,YTIME Watchbands Store
"Funda de TPU para Huawei watch GT 2 de 46mm, correa de reloj huawei GT2 de 46mm, funda envolvente chapada suave, funda protectora de pantalla",CLP2.211x1,"Pedido efectuado el: 5 sep, 2022",https://www.aliexpress.com/store/912471925?spm=a2g0o.order_list.order_list_main.79.21ef194do14gTv,Einstein WatchS Traps Store
"Juego de accesorios de herramientas rotativas dremel, amoladora eléctrica de 1/8 pulgadas, vástago de taladro, Kit de brocas de pulido de cera de fieltro de lana + almacenamiento, 76 Uds.",Entrega rápida,"Pedido efectuado el: 3 ago, 2022",https://www.aliexpress.com/store/1045229?spm=a2g0o.order_list.order_list_main.84.21ef194do14gTv,coolshop Store
"Cables de Tubo termorretráctil de 127 piezas, envoltura retráctil, cubierta de conexión de Cable de protección, Cable eléctrico resistente al agua, retráctil 2:1",CLP2.865x1,"Pedido efectuado el: 3 ago, 2022",https://www.aliexpress.com/store/911833154?spm=a2g0o.order_list.order_list_main.89.21ef194do14gTv,Best-sell Store
"Discos de pulido de grano 100-100, papel de lija de 1 pulgada, papel de lija para accesorios de herramientas abrasivas rotativas Dremel, 3000 unids/lote",CLP4.020x1,"Pedido efectuado el: 3 ago, 2022",https://www.aliexpress.com/store/912017440?spm=a2g0o.order_list.order_list_main.94.21ef194do14gTv,AHCUGOUR Official Store
"CREALITY 3D-Ender-3 V2 X +, eje sincrónico de goma, ancho de GT2-6mm, 6mm, Kit de correa de distribución abierta, piezas de impresora originales",CLP1.181x1,"Pedido efectuado el: 8 jun, 2022",https://www.aliexpress.com/store/912330468?spm=a2g0o.order_list.order_list_main.99.21ef194do14gTv,MAYBEMONDA Official Store
